{"_type":"export","__export_format":4,"__export_date":"2021-09-01T19:18:40.728Z","__export_source":"insomnia.desktop.app:v2021.5.2","resources":[{"_id":"req_a404e2f1f38e457a9f3736102f97fe70","parentId":"fld_3d907ddb6f02463abe3911cfd6f18b0d","modified":1630523829049,"created":1630523829049,"url":"{{ _.baser_uri }}/accounts","name":"Login","description":"","method":"POST","body":{"mimeType":"application/json","text":"{\n\t\"email\": \"papito@gmail.com\"\n}"},"parameters":[{"id":"pair_37de342a2d144060b911a9428c932b62","name":"","value":"","description":""}],"headers":[{"name":"Content-Type","value":"application/json","id":"pair_51a156364a4e42ecb8b22e1a83e7dcf8"}],"authentication":{},"metaSortKey":-1628442618647.75,"isPrivate":false,"settingStoreCookies":true,"settingSendCookies":true,"settingDisableRenderRequestBody":false,"settingEncodeUrl":true,"settingRebuildPath":true,"settingFollowRedirects":"global","_type":"request"},{"_id":"fld_3d907ddb6f02463abe3911cfd6f18b0d","parentId":"wrk_ce7ab6e6b46b4ae88e08c78994e00b0c","modified":1630523829049,"created":1630523829049,"name":"Sessions","description":"","environment":{},"environmentPropertyOrder":null,"metaSortKey":-1630513206925,"_type":"request_group"},{"_id":"wrk_ce7ab6e6b46b4ae88e08c78994e00b0c","parentId":null,"modified":1630523829020,"created":1630523829020,"name":"Marvel","description":"","scope":"collection","_type":"workspace"},{"_id":"req_2d2721a31df6435996b1802fdf0c7adf","parentId":"fld_3d907ddb6f02463abe3911cfd6f18b0d","modified":1630523829051,"created":1630523829051,"url":"{{ _.baser_uri }}/delorean","name":"Delorean","description":"","method":"DELETE","body":{"mimeType":"application/json","text":""},"parameters":[{"id":"pair_37de342a2d144060b911a9428c932b62","name":"","value":"","description":""}],"headers":[{"name":"Content-Type","value":"application/json","id":"pair_51a156364a4e42ecb8b22e1a83e7dcf8"},{"id":"pair_ade0392d1c5d459dba18cbe91a837343","name":"client_key","value":"{% response 'body', 'req_cba8eff49f2048e3b915da17e635ace1', 'b64::JC5jbGllbnRfa2V5::46b', 'no-history', 60 %}","description":""}],"authentication":{},"metaSortKey":-1628442618597.75,"isPrivate":false,"settingStoreCookies":true,"settingSendCookies":true,"settingDisableRenderRequestBody":false,"settingEncodeUrl":true,"settingRebuildPath":true,"settingFollowRedirects":"global","_type":"request"},{"_id":"req_5d2204dfa3c14844a4f37305b3a67347","parentId":"fld_a18a6c920e504fdaa5d19f23f09986af","modified":1630523829039,"created":1630523829039,"url":"{{ _.baser_uri }}/characters/","name":"Add New Character","description":"","method":"POST","body":{"mimeType":"application/json","text":"{\n\t\"name\": \"Thanos de Titã\",\n\t\"aliases\": \"Thanos\",\n\t\"age\": 3000,\n\t\"team\": \"Ordem Negra\",\n\t\"active\": false\n}"},"parameters":[{"id":"pair_37de342a2d144060b911a9428c932b62","name":"","value":"","description":""}],"headers":[{"name":"Content-Type","value":"application/json","id":"pair_51a156364a4e42ecb8b22e1a83e7dcf8"},{"id":"pair_002b2c04bec349f18ab2f0362dbb4bc7","name":"client_key","value":"{% response 'body', 'req_cba8eff49f2048e3b915da17e635ace1', 'b64::JC5jbGllbnRfa2V5::46b', 'no-history', 60 %}","description":""},{"id":"pair_245c369d79484e95a49dd3a23031839b","name":"","value":"","description":""}],"authentication":{"type":"basic","useISO88591":false,"disabled":false,"username":"","password":""},"metaSortKey":-1628442618654,"isPrivate":false,"settingStoreCookies":true,"settingSendCookies":true,"settingDisableRenderRequestBody":false,"settingEncodeUrl":true,"settingRebuildPath":true,"settingFollowRedirects":"global","_type":"request"},{"_id":"fld_a18a6c920e504fdaa5d19f23f09986af","parentId":"wrk_ce7ab6e6b46b4ae88e08c78994e00b0c","modified":1630523829037,"created":1630523829037,"name":"characters","description":"","environment":{},"environmentPropertyOrder":null,"metaSortKey":-1628356382162,"_type":"request_group"},{"_id":"req_ff4658e57a2441afb0623d439b8023d5","parentId":"fld_a18a6c920e504fdaa5d19f23f09986af","modified":1630523829046,"created":1630523829046,"url":"{{ _.baser_uri }}/characters","name":"Search All","description":"","method":"GET","body":{},"parameters":[],"headers":[{"id":"pair_f0b5781384234d658dddcf9f37646dac","name":"client_key","value":"{% response 'body', 'req_cba8eff49f2048e3b915da17e635ace1', 'b64::JC5jbGllbnRfa2V5::46b', 'no-history', 60 %}","description":""}],"authentication":{},"metaSortKey":-1628442618635.25,"isPrivate":false,"settingStoreCookies":true,"settingSendCookies":true,"settingDisableRenderRequestBody":false,"settingEncodeUrl":true,"settingRebuildPath":true,"settingFollowRedirects":"global","_type":"request"},{"_id":"req_de60681d234c4896bcdff295d03e0fbd","parentId":"fld_a18a6c920e504fdaa5d19f23f09986af","modified":1630523829040,"created":1630523829040,"url":"{{ _.baser_uri }}/characters/611f93e54fc86c7d467b2ff4","name":"Search By Id","description":"","method":"GET","body":{},"parameters":[],"headers":[{"id":"pair_f0b5781384234d658dddcf9f37646dac","name":"client_key","value":"{% response 'body', 'req_cba8eff49f2048e3b915da17e635ace1', 'b64::JC5jbGllbnRfa2V5::46b', 'no-history', 60 %}","description":""}],"authentication":{},"metaSortKey":-1628442618604,"isPrivate":false,"settingStoreCookies":true,"settingSendCookies":true,"settingDisableRenderRequestBody":false,"settingEncodeUrl":true,"settingRebuildPath":true,"settingFollowRedirects":"global","_type":"request"},{"_id":"req_f06647fc57114613a1126225bdc0b558","parentId":"fld_a18a6c920e504fdaa5d19f23f09986af","modified":1630523829042,"created":1630523829042,"url":"{{ _.baser_uri }}/characters/612fc0d027a9d447546776db","name":"Remove By Id","description":"","method":"DELETE","body":{},"parameters":[],"headers":[{"id":"pair_f0b5781384234d658dddcf9f37646dac","name":"client_key","value":"{% response 'body', 'req_cba8eff49f2048e3b915da17e635ace1', 'b64::JC5jbGllbnRfa2V5::46b', 'no-history', 60 %}","description":""}],"authentication":{},"metaSortKey":-1628399513289,"isPrivate":false,"settingStoreCookies":true,"settingSendCookies":true,"settingDisableRenderRequestBody":false,"settingEncodeUrl":true,"settingRebuildPath":true,"settingFollowRedirects":"global","_type":"request"},{"_id":"env_4a91b933d84a45599c9bbdd504359a00","parentId":"wrk_ce7ab6e6b46b4ae88e08c78994e00b0c","modified":1630523829022,"created":1630523829022,"name":"Base Environment","data":{},"dataPropertyOrder":null,"color":null,"isPrivate":false,"metaSortKey":1628106924060,"_type":"environment"},{"_id":"jar_598af29e7c8b48ee8b7f759080f2c610","parentId":"wrk_ce7ab6e6b46b4ae88e08c78994e00b0c","modified":1630523829034,"created":1630523829034,"name":"Default Jar","cookies":[],"_type":"cookie_jar"},{"_id":"spc_57b30025a0b64c3388f9c015f234e308","parentId":"wrk_ce7ab6e6b46b4ae88e08c78994e00b0c","modified":1630523829062,"created":1630523829036,"fileName":"Marvel","contents":"","contentType":"yaml","_type":"api_spec"},{"_id":"env_c183a2eccf714057a437a1abb4294c4f","parentId":"env_4a91b933d84a45599c9bbdd504359a00","modified":1630523829024,"created":1630523829024,"name":"Dev","data":{"baser_uri":"http://localhost:3333"},"dataPropertyOrder":{"&":["baser_uri"]},"color":"#8b0ef1","isPrivate":false,"metaSortKey":1630513521957,"_type":"environment"},{"_id":"env_370c680274d24c3f9ea2be1518ab9c93","parentId":"env_4a91b933d84a45599c9bbdd504359a00","modified":1630523829029,"created":1630523829029,"name":"QA","data":{"baser_uri":"http://marvel.qaninja.academy"},"dataPropertyOrder":{"&":["baser_uri"]},"color":"#1ce97f","isPrivate":false,"metaSortKey":1630523696510,"_type":"environment"}]}